{"83c04ba9-714a-4f8b-8d92-061ff6fc8817": 1573468890.8755572, "3a977e16-c207-4d94-94ee-1aa111f38fe6": 1573468923.6125927, "ea2987a6-be42-41d5-8498-5e6c075ac2a0": 1573468958.5636141}